Datum;Kalenderwoche;Filiale;Lieferroute;Verzoegerung_Min;Umsatzverlust_EUR
2024-01-01;KW01;Filiale_01;Route_A;17;45,47
2024-01-01;KW01;Filiale_02;Route_A;11;17,64
2024-01-01;KW01;Filiale_03;Route_A;12;30,52
2024-01-01;KW01;Filiale_04;Route_B;42;178,41
2024-01-01;KW01;Filiale_05;Route_B;35;168,36
2024-01-01;KW01;Filiale_06;Route_B;31;135,31
2024-01-01;KW01;Filiale_07;Route_C;20;40,56
2024-01-01;KW01;Filiale_08;Route_C;18;69,12
2024-01-01;KW01;Filiale_09;Route_C;19;67,72
2024-01-01;KW01;Filiale_10;Route_C;7;8,88
2024-01-02;KW01;Filiale_01;Route_A;9;17,88
2024-01-02;KW01;Filiale_02;Route_A;-2;0,0
2024-01-02;KW01;Filiale_03;Route_A;1;0,0
2024-01-02;KW01;Filiale_04;Route_B;32;214,61
2024-01-02;KW01;Filiale_05;Route_B;12;28,68
2024-01-02;KW01;Filiale_06;Route_B;22;115,85
2024-01-02;KW01;Filiale_07;Route_C;7;8,07
2024-01-02;KW01;Filiale_08;Route_C;9;17,06
2024-01-02;KW01;Filiale_09;Route_C;8;13,92
2024-01-02;KW01;Filiale_10;Route_C;6;3,65
2024-01-03;KW01;Filiale_01;Route_A;-5;0,0
2024-01-03;KW01;Filiale_02;Route_A;-3;0,0
2024-01-03;KW01;Filiale_03;Route_A;1;0,0
2024-01-03;KW01;Filiale_04;Route_B;27;151,9
2024-01-03;KW01;Filiale_05;Route_B;21;87,77
2024-01-03;KW01;Filiale_06;Route_B;35;161,93
2024-01-03;KW01;Filiale_07;Route_C;20;45,63
2024-01-03;KW01;Filiale_08;Route_C;3;0,0
2024-01-03;KW01;Filiale_09;Route_C;11;23,42
2024-01-03;KW01;Filiale_10;Route_C;13;41,82
2024-01-04;KW01;Filiale_01;Route_A;-6;0,0
2024-01-04;KW01;Filiale_02;Route_A;15;27,97
2024-01-04;KW01;Filiale_03;Route_A;-2;0,0
2024-01-04;KW01;Filiale_04;Route_B;36;189,88
2024-01-04;KW01;Filiale_05;Route_B;21;67,01
2024-01-04;KW01;Filiale_06;Route_B;35;220,75
2024-01-04;KW01;Filiale_07;Route_C;2;0,0
2024-01-04;KW01;Filiale_08;Route_C;12;35,67
2024-01-04;KW01;Filiale_09;Route_C;4;0,0
2024-01-04;KW01;Filiale_10;Route_C;12;36,72
2024-01-05;KW01;Filiale_01;Route_A;-3;0,0
2024-01-05;KW01;Filiale_02;Route_A;5;0,0
2024-01-05;KW01;Filiale_03;Route_A;11;30,08
2024-01-05;KW01;Filiale_04;Route_B;22;147,35
2024-01-05;KW01;Filiale_05;Route_B;14;35,13
2024-01-05;KW01;Filiale_06;Route_B;15;78,78
2024-01-05;KW01;Filiale_07;Route_C;13;29,25
2024-01-05;KW01;Filiale_08;Route_C;11;25,64
2024-01-05;KW01;Filiale_09;Route_C;3;0,0
2024-01-05;KW01;Filiale_10;Route_C;-3;0,0
2024-01-06;KW01;Filiale_01;Route_A;3;0,0
2024-01-06;KW01;Filiale_02;Route_A;0;0,0
2024-01-06;KW01;Filiale_03;Route_A;-3;0,0
2024-01-06;KW01;Filiale_04;Route_B;19;61,21
2024-01-06;KW01;Filiale_05;Route_B;22;47,83
2024-01-06;KW01;Filiale_06;Route_B;26;91,3
2024-01-06;KW01;Filiale_07;Route_C;7;5,47
2024-01-06;KW01;Filiale_08;Route_C;19;30,8
2024-01-06;KW01;Filiale_09;Route_C;-1;0,0
2024-01-06;KW01;Filiale_10;Route_C;18;38,01
2024-01-07;KW01;Filiale_01;Route_A;9;9,2
2024-01-07;KW01;Filiale_02;Route_A;-8;0,0
2024-01-07;KW01;Filiale_03;Route_A;-4;0,0
2024-01-07;KW01;Filiale_04;Route_B;22;66,83
2024-01-07;KW01;Filiale_05;Route_B;39;76,94
2024-01-07;KW01;Filiale_06;Route_B;19;59,28
2024-01-07;KW01;Filiale_07;Route_C;6;1,82
2024-01-07;KW01;Filiale_08;Route_C;23;64,78
2024-01-07;KW01;Filiale_09;Route_C;11;18,0
2024-01-07;KW01;Filiale_10;Route_C;6;3,64
2024-01-08;KW02;Filiale_01;Route_A;14;54,2
2024-01-08;KW02;Filiale_02;Route_A;3;0,0
2024-01-08;KW02;Filiale_03;Route_A;11;36,57
2024-01-08;KW02;Filiale_04;Route_B;16;60,78
2024-01-08;KW02;Filiale_05;Route_B;44;133,72
2024-01-08;KW02;Filiale_06;Route_B;26;168,1
2024-01-08;KW02;Filiale_07;Route_C;6;3,61
2024-01-08;KW02;Filiale_08;Route_C;13;38,53
2024-01-08;KW02;Filiale_09;Route_C;10;24,89
2024-01-08;KW02;Filiale_10;Route_C;16;70,76
2024-01-09;KW02;Filiale_01;Route_A;2;0,0
2024-01-09;KW02;Filiale_02;Route_A;7;6,6
2024-01-09;KW02;Filiale_03;Route_A;0;0,0
2024-01-09;KW02;Filiale_04;Route_B;37;178,04
2024-01-09;KW02;Filiale_05;Route_B;18;44,95
2024-01-09;KW02;Filiale_06;Route_B;21;119,2
2024-01-09;KW02;Filiale_07;Route_C;7;8,64
2024-01-09;KW02;Filiale_08;Route_C;6;5,06
2024-01-09;KW02;Filiale_09;Route_C;16;46,61
2024-01-09;KW02;Filiale_10;Route_C;1;0,0
2024-01-10;KW02;Filiale_01;Route_A;-3;0,0
2024-01-10;KW02;Filiale_02;Route_A;-8;0,0
2024-01-10;KW02;Filiale_03;Route_A;9;24,47
2024-01-10;KW02;Filiale_04;Route_B;47;292,48
2024-01-10;KW02;Filiale_05;Route_B;22;83,22
2024-01-10;KW02;Filiale_06;Route_B;36;153,41
2024-01-10;KW02;Filiale_07;Route_C;16;37,75
2024-01-10;KW02;Filiale_08;Route_C;-1;0,0
2024-01-10;KW02;Filiale_09;Route_C;3;0,0
2024-01-10;KW02;Filiale_10;Route_C;-2;0,0
2024-01-11;KW02;Filiale_01;Route_A;-5;0,0
2024-01-11;KW02;Filiale_02;Route_A;0;0,0
2024-01-11;KW02;Filiale_03;Route_A;-1;0,0
2024-01-11;KW02;Filiale_04;Route_B;45;306,9
2024-01-11;KW02;Filiale_05;Route_B;16;52,74
2024-01-11;KW02;Filiale_06;Route_B;16;48,31
2024-01-11;KW02;Filiale_07;Route_C;11;17,55
2024-01-11;KW02;Filiale_08;Route_C;3;0,0
2024-01-11;KW02;Filiale_09;Route_C;4;0,0
2024-01-11;KW02;Filiale_10;Route_C;3;0,0
2024-01-12;KW02;Filiale_01;Route_A;-3;0,0
2024-01-12;KW02;Filiale_02;Route_A;5;0,0
2024-01-12;KW02;Filiale_03;Route_A;1;0,0
2024-01-12;KW02;Filiale_04;Route_B;29;175,95
2024-01-12;KW02;Filiale_05;Route_B;8;12,32
2024-01-12;KW02;Filiale_06;Route_B;27;152,83
2024-01-12;KW02;Filiale_07;Route_C;7;5,94
2024-01-12;KW02;Filiale_08;Route_C;7;10,77
2024-01-12;KW02;Filiale_09;Route_C;3;0,0
2024-01-12;KW02;Filiale_10;Route_C;8;16,22
2024-01-13;KW02;Filiale_01;Route_A;-8;0,0
2024-01-13;KW02;Filiale_02;Route_A;-1;0,0
2024-01-13;KW02;Filiale_03;Route_A;-5;0,0
2024-01-13;KW02;Filiale_04;Route_B;17;51,82
2024-01-13;KW02;Filiale_05;Route_B;23;46,84
2024-01-13;KW02;Filiale_06;Route_B;15;48,33
2024-01-13;KW02;Filiale_07;Route_C;15;25,44
2024-01-13;KW02;Filiale_08;Route_C;2;0,0
2024-01-13;KW02;Filiale_09;Route_C;3;0,0
2024-01-13;KW02;Filiale_10;Route_C;7;4,34
2024-01-14;KW02;Filiale_01;Route_A;-7;0,0
2024-01-14;KW02;Filiale_02;Route_A;-1;0,0
2024-01-14;KW02;Filiale_03;Route_A;16;31,72
2024-01-14;KW02;Filiale_04;Route_B;20;55,17
2024-01-14;KW02;Filiale_05;Route_B;25;47,01
2024-01-14;KW02;Filiale_06;Route_B;14;27,17
2024-01-14;KW02;Filiale_07;Route_C;8;5,25
2024-01-14;KW02;Filiale_08;Route_C;3;0,0
2024-01-14;KW02;Filiale_09;Route_C;6;3,03
2024-01-14;KW02;Filiale_10;Route_C;-3;0,0
2024-01-15;KW03;Filiale_01;Route_A;1;0,0
2024-01-15;KW03;Filiale_02;Route_A;2;0,0
2024-01-15;KW03;Filiale_03;Route_A;-7;0,0
2024-01-15;KW03;Filiale_04;Route_B;27;156,81
2024-01-15;KW03;Filiale_05;Route_B;-4;0,0
2024-01-15;KW03;Filiale_06;Route_B;1;0,0
2024-01-15;KW03;Filiale_07;Route_C;19;42,46
2024-01-15;KW03;Filiale_08;Route_C;18;65,5
2024-01-15;KW03;Filiale_09;Route_C;13;27,5
2024-01-15;KW03;Filiale_10;Route_C;9;21,21
2024-01-16;KW03;Filiale_01;Route_A;-1;0,0
2024-01-16;KW03;Filiale_02;Route_A;1;0,0
2024-01-16;KW03;Filiale_03;Route_A;6;5,12
2024-01-16;KW03;Filiale_04;Route_B;11;34,25
2024-01-16;KW03;Filiale_05;Route_B;44;192,28
2024-01-16;KW03;Filiale_06;Route_B;21;99,85
2024-01-16;KW03;Filiale_07;Route_C;6;2,62
2024-01-16;KW03;Filiale_08;Route_C;17;48,58
2024-01-16;KW03;Filiale_09;Route_C;0;0,0
2024-01-16;KW03;Filiale_10;Route_C;7;8,77
2024-01-17;KW03;Filiale_01;Route_A;4;0,0
2024-01-17;KW03;Filiale_02;Route_A;3;0,0
2024-01-17;KW03;Filiale_03;Route_A;12;42,67
2024-01-17;KW03;Filiale_04;Route_B;15;48,31
2024-01-17;KW03;Filiale_05;Route_B;35;166,41
2024-01-17;KW03;Filiale_06;Route_B;34;206,38
2024-01-17;KW03;Filiale_07;Route_C;18;46,03
2024-01-17;KW03;Filiale_08;Route_C;4;0,0
2024-01-17;KW03;Filiale_09;Route_C;9;18,56
2024-01-17;KW03;Filiale_10;Route_C;1;0,0
2024-01-18;KW03;Filiale_01;Route_A;-1;0,0
2024-01-18;KW03;Filiale_02;Route_A;-7;0,0
2024-01-18;KW03;Filiale_03;Route_A;1;0,0
2024-01-18;KW03;Filiale_04;Route_B;25;94,38
2024-01-18;KW03;Filiale_05;Route_B;21;91,18
2024-01-18;KW03;Filiale_06;Route_B;43;193,08
2024-01-18;KW03;Filiale_07;Route_C;22;67,88
2024-01-18;KW03;Filiale_08;Route_C;3;0,0
2024-01-18;KW03;Filiale_09;Route_C;13;30,94
2024-01-18;KW03;Filiale_10;Route_C;12;36,85
2024-01-19;KW03;Filiale_01;Route_A;4;0,0
2024-01-19;KW03;Filiale_02;Route_A;8;14,49
2024-01-19;KW03;Filiale_03;Route_A;5;0,0
2024-01-19;KW03;Filiale_04;Route_B;13;48,59
2024-01-19;KW03;Filiale_05;Route_B;17;68,17
2024-01-19;KW03;Filiale_06;Route_B;46;234,3
2024-01-19;KW03;Filiale_07;Route_C;-8;0,0
2024-01-19;KW03;Filiale_08;Route_C;3;0,0
2024-01-19;KW03;Filiale_09;Route_C;10;25,01
2024-01-19;KW03;Filiale_10;Route_C;-5;0,0
2024-01-20;KW03;Filiale_01;Route_A;-6;0,0
2024-01-20;KW03;Filiale_02;Route_A;2;0,0
2024-01-20;KW03;Filiale_03;Route_A;5;0,0
2024-01-20;KW03;Filiale_04;Route_B;22;66,84
2024-01-20;KW03;Filiale_05;Route_B;27;59,0
2024-01-20;KW03;Filiale_06;Route_B;23;81,12
2024-01-20;KW03;Filiale_07;Route_C;-4;0,0
2024-01-20;KW03;Filiale_08;Route_C;0;0,0
2024-01-20;KW03;Filiale_09;Route_C;-2;0,0
2024-01-20;KW03;Filiale_10;Route_C;8;11,52
2024-01-21;KW03;Filiale_01;Route_A;7;8,93
2024-01-21;KW03;Filiale_02;Route_A;5;0,0
2024-01-21;KW03;Filiale_03;Route_A;9;9,17
2024-01-21;KW03;Filiale_04;Route_B;11;23,93
2024-01-21;KW03;Filiale_05;Route_B;19;36,29
2024-01-21;KW03;Filiale_06;Route_B;6;2,39
2024-01-21;KW03;Filiale_07;Route_C;16;26,46
2024-01-21;KW03;Filiale_08;Route_C;17;21,95
2024-01-21;KW03;Filiale_09;Route_C;-1;0,0
2024-01-21;KW03;Filiale_10;Route_C;19;59,65
2024-01-22;KW04;Filiale_01;Route_A;11;38,04
2024-01-22;KW04;Filiale_02;Route_A;7;6,31
2024-01-22;KW04;Filiale_03;Route_A;5;0,0
2024-01-22;KW04;Filiale_04;Route_B;45;319,53
2024-01-22;KW04;Filiale_05;Route_B;47;178,26
2024-01-22;KW04;Filiale_06;Route_B;25;118,9
2024-01-22;KW04;Filiale_07;Route_C;15;30,04
2024-01-22;KW04;Filiale_08;Route_C;23;84,35
2024-01-22;KW04;Filiale_09;Route_C;7;6,69
2024-01-22;KW04;Filiale_10;Route_C;6;4,74
2024-01-23;KW04;Filiale_01;Route_A;8;22,1
2024-01-23;KW04;Filiale_02;Route_A;3;0,0
2024-01-23;KW04;Filiale_03;Route_A;-5;0,0
2024-01-23;KW04;Filiale_04;Route_B;15;72,36
2024-01-23;KW04;Filiale_05;Route_B;22;97,6
2024-01-23;KW04;Filiale_06;Route_B;13;37,11
2024-01-23;KW04;Filiale_07;Route_C;8;12,25
2024-01-23;KW04;Filiale_08;Route_C;-1;0,0
2024-01-23;KW04;Filiale_09;Route_C;17;34,48
2024-01-23;KW04;Filiale_10;Route_C;16;53,3
2024-01-24;KW04;Filiale_01;Route_A;-8;0,0
2024-01-24;KW04;Filiale_02;Route_A;5;0,0
2024-01-24;KW04;Filiale_03;Route_A;10;26,07
2024-01-24;KW04;Filiale_04;Route_B;30;125,73
2024-01-24;KW04;Filiale_05;Route_B;26;105,08
2024-01-24;KW04;Filiale_06;Route_B;19;70,38
2024-01-24;KW04;Filiale_07;Route_C;9;14,21
2024-01-24;KW04;Filiale_08;Route_C;0;0,0
2024-01-24;KW04;Filiale_09;Route_C;11;28,49
2024-01-24;KW04;Filiale_10;Route_C;13;37,22
2024-01-25;KW04;Filiale_01;Route_A;4;0,0
2024-01-25;KW04;Filiale_02;Route_A;13;24,07
2024-01-25;KW04;Filiale_03;Route_A;11;25,32
2024-01-25;KW04;Filiale_04;Route_B;30;177,77
2024-01-25;KW04;Filiale_05;Route_B;41;147,28
2024-01-25;KW04;Filiale_06;Route_B;36;163,97
2024-01-25;KW04;Filiale_07;Route_C;9;12,14
2024-01-25;KW04;Filiale_08;Route_C;9;13,42
2024-01-25;KW04;Filiale_09;Route_C;3;0,0
2024-01-25;KW04;Filiale_10;Route_C;3;0,0
2024-01-26;KW04;Filiale_01;Route_A;-4;0,0
2024-01-26;KW04;Filiale_02;Route_A;8;13,88
2024-01-26;KW04;Filiale_03;Route_A;3;0,0
2024-01-26;KW04;Filiale_04;Route_B;12;36,56
2024-01-26;KW04;Filiale_05;Route_B;22;86,19
2024-01-26;KW04;Filiale_06;Route_B;24;101,41
2024-01-26;KW04;Filiale_07;Route_C;22;77,71
2024-01-26;KW04;Filiale_08;Route_C;15;44,57
2024-01-26;KW04;Filiale_09;Route_C;7;9,1
2024-01-26;KW04;Filiale_10;Route_C;6;5,4
2024-01-27;KW04;Filiale_01;Route_A;10;18,65
2024-01-27;KW04;Filiale_02;Route_A;-1;0,0
2024-01-27;KW04;Filiale_03;Route_A;6;3,08
2024-01-27;KW04;Filiale_04;Route_B;20;66,72
2024-01-27;KW04;Filiale_05;Route_B;19;38,65
2024-01-27;KW04;Filiale_06;Route_B;19;44,73
2024-01-27;KW04;Filiale_07;Route_C;6;2,71
2024-01-27;KW04;Filiale_08;Route_C;19;32,66
2024-01-27;KW04;Filiale_09;Route_C;15;21,58
2024-01-27;KW04;Filiale_10;Route_C;-4;0,0
2024-01-28;KW04;Filiale_01;Route_A;-7;0,0
2024-01-28;KW04;Filiale_02;Route_A;-8;0,0
2024-01-28;KW04;Filiale_03;Route_A;2;0,0
2024-01-28;KW04;Filiale_04;Route_B;7;8,91
2024-01-28;KW04;Filiale_05;Route_B;34;76,4
2024-01-28;KW04;Filiale_06;Route_B;27;62,71
2024-01-28;KW04;Filiale_07;Route_C;5;0,0
2024-01-28;KW04;Filiale_08;Route_C;6;2,6
2024-01-28;KW04;Filiale_09;Route_C;21;57,47
2024-01-28;KW04;Filiale_10;Route_C;9;9,32
2024-01-29;KW05;Filiale_01;Route_A;13;45,81
2024-01-29;KW05;Filiale_02;Route_A;8;10,27
2024-01-29;KW05;Filiale_03;Route_A;17;75,09
2024-01-29;KW05;Filiale_04;Route_B;43;200,22
2024-01-29;KW05;Filiale_05;Route_B;36;172,45
2024-01-29;KW05;Filiale_06;Route_B;37;239,73
2024-01-29;KW05;Filiale_07;Route_C;17;60,98
2024-01-29;KW05;Filiale_08;Route_C;1;0,0
2024-01-29;KW05;Filiale_09;Route_C;7;7,28
2024-01-29;KW05;Filiale_10;Route_C;4;0,0
2024-01-30;KW05;Filiale_01;Route_A;-2;0,0
2024-01-30;KW05;Filiale_02;Route_A;2;0,0
2024-01-30;KW05;Filiale_03;Route_A;-3;0,0
2024-01-30;KW05;Filiale_04;Route_B;20;93,81
2024-01-30;KW05;Filiale_05;Route_B;29;109,01
2024-01-30;KW05;Filiale_06;Route_B;23;114,06
2024-01-30;KW05;Filiale_07;Route_C;16;28,72
2024-01-30;KW05;Filiale_08;Route_C;1;0,0
2024-01-30;KW05;Filiale_09;Route_C;-4;0,0
2024-01-30;KW05;Filiale_10;Route_C;14;57,29
2024-01-31;KW05;Filiale_01;Route_A;6;4,66
2024-01-31;KW05;Filiale_02;Route_A;0;0,0
2024-01-31;KW05;Filiale_03;Route_A;3;0,0
2024-01-31;KW05;Filiale_04;Route_B;15;66,29
2024-01-31;KW05;Filiale_05;Route_B;41;186,72
2024-01-31;KW05;Filiale_06;Route_B;27;94,74
2024-01-31;KW05;Filiale_07;Route_C;8;11,26
2024-01-31;KW05;Filiale_08;Route_C;8;18,5
2024-01-31;KW05;Filiale_09;Route_C;8;14,82
2024-01-31;KW05;Filiale_10;Route_C;1;0,0
2024-02-01;KW05;Filiale_01;Route_A;9;14,61
2024-02-01;KW05;Filiale_02;Route_A;-7;0,0
2024-02-01;KW05;Filiale_03;Route_A;-4;0,0
2024-02-01;KW05;Filiale_04;Route_B;22;72,08
2024-02-01;KW05;Filiale_05;Route_B;12;35,93
2024-02-01;KW05;Filiale_06;Route_B;4;0,0
2024-02-01;KW05;Filiale_07;Route_C;8;10,92
2024-02-01;KW05;Filiale_08;Route_C;20;60,61
2024-02-01;KW05;Filiale_09;Route_C;9;14,19
2024-02-01;KW05;Filiale_10;Route_C;5;0,0
2024-02-02;KW05;Filiale_01;Route_A;5;0,0
2024-02-02;KW05;Filiale_02;Route_A;6;5,46
2024-02-02;KW05;Filiale_03;Route_A;11;34,38
2024-02-02;KW05;Filiale_04;Route_B;17;59,45
2024-02-02;KW05;Filiale_05;Route_B;30;178,86
2024-02-02;KW05;Filiale_06;Route_B;28;108,96
2024-02-02;KW05;Filiale_07;Route_C;11;22,62
2024-02-02;KW05;Filiale_08;Route_C;6;3,59
2024-02-02;KW05;Filiale_09;Route_C;17;44,44
2024-02-02;KW05;Filiale_10;Route_C;2;0,0
2024-02-03;KW05;Filiale_01;Route_A;1;0,0
2024-02-03;KW05;Filiale_02;Route_A;3;0,0
2024-02-03;KW05;Filiale_03;Route_A;4;0,0
2024-02-03;KW05;Filiale_04;Route_B;16;52,34
2024-02-03;KW05;Filiale_05;Route_B;29;69,17
2024-02-03;KW05;Filiale_06;Route_B;11;23,21
2024-02-03;KW05;Filiale_07;Route_C;12;14,38
2024-02-03;KW05;Filiale_08;Route_C;5;0,0
2024-02-03;KW05;Filiale_09;Route_C;4;0,0
2024-02-03;KW05;Filiale_10;Route_C;8;9,27
2024-02-04;KW05;Filiale_01;Route_A;-1;0,0
2024-02-04;KW05;Filiale_02;Route_A;-2;0,0
2024-02-04;KW05;Filiale_03;Route_A;9;8,25
2024-02-04;KW05;Filiale_04;Route_B;26;94,51
2024-02-04;KW05;Filiale_05;Route_B;19;50,95
2024-02-04;KW05;Filiale_06;Route_B;34;99,11
2024-02-04;KW05;Filiale_07;Route_C;11;10,89
2024-02-04;KW05;Filiale_08;Route_C;6;3,25
2024-02-04;KW05;Filiale_09;Route_C;8;5,55
2024-02-04;KW05;Filiale_10;Route_C;15;30,56
2024-02-05;KW06;Filiale_01;Route_A;17;86,95
2024-02-05;KW06;Filiale_02;Route_A;8;15,44
2024-02-05;KW06;Filiale_03;Route_A;11;38,4
2024-02-05;KW06;Filiale_04;Route_B;30;122,24
2024-02-05;KW06;Filiale_05;Route_B;26;83,19
2024-02-05;KW06;Filiale_06;Route_B;26;142,92
2024-02-05;KW06;Filiale_07;Route_C;24;80,02
2024-02-05;KW06;Filiale_08;Route_C;14;53,72
2024-02-05;KW06;Filiale_09;Route_C;16;49,29
2024-02-05;KW06;Filiale_10;Route_C;13;40,93
2024-02-06;KW06;Filiale_01;Route_A;2;0,0
2024-02-06;KW06;Filiale_02;Route_A;7;7,83
2024-02-06;KW06;Filiale_03;Route_A;12;24,28
2024-02-06;KW06;Filiale_04;Route_B;43;278,1
2024-02-06;KW06;Filiale_05;Route_B;27;100,95
2024-02-06;KW06;Filiale_06;Route_B;25;94,39
2024-02-06;KW06;Filiale_07;Route_C;8;10,78
2024-02-06;KW06;Filiale_08;Route_C;19;49,49
2024-02-06;KW06;Filiale_09;Route_C;6;3,92
2024-02-06;KW06;Filiale_10;Route_C;1;0,0
2024-02-07;KW06;Filiale_01;Route_A;-3;0,0
2024-02-07;KW06;Filiale_02;Route_A;7;8,61
2024-02-07;KW06;Filiale_03;Route_A;4;0,0
2024-02-07;KW06;Filiale_04;Route_B;25;107,68
2024-02-07;KW06;Filiale_05;Route_B;31;96,09
2024-02-07;KW06;Filiale_06;Route_B;36;214,12
2024-02-07;KW06;Filiale_07;Route_C;5;0,0
2024-02-07;KW06;Filiale_08;Route_C;13;39,56
2024-02-07;KW06;Filiale_09;Route_C;7;8,92
2024-02-07;KW06;Filiale_10;Route_C;3;0,0
2024-02-08;KW06;Filiale_01;Route_A;-5;0,0
2024-02-08;KW06;Filiale_02;Route_A;2;0,0
2024-02-08;KW06;Filiale_03;Route_A;-2;0,0
2024-02-08;KW06;Filiale_04;Route_B;27;152,13
2024-02-08;KW06;Filiale_05;Route_B;35;144,15
2024-02-08;KW06;Filiale_06;Route_B;24;114,0
2024-02-08;KW06;Filiale_07;Route_C;2;0,0
2024-02-08;KW06;Filiale_08;Route_C;0;0,0
2024-02-08;KW06;Filiale_09;Route_C;8;15,68
2024-02-08;KW06;Filiale_10;Route_C;3;0,0
2024-02-09;KW06;Filiale_01;Route_A;11;45,13
2024-02-09;KW06;Filiale_02;Route_A;1;0,0
2024-02-09;KW06;Filiale_03;Route_A;0;0,0
2024-02-09;KW06;Filiale_04;Route_B;30;142,21
2024-02-09;KW06;Filiale_05;Route_B;25;93,68
2024-02-09;KW06;Filiale_06;Route_B;33;143,79
2024-02-09;KW06;Filiale_07;Route_C;5;0,0
2024-02-09;KW06;Filiale_08;Route_C;6;5,31
2024-02-09;KW06;Filiale_09;Route_C;22;84,66
2024-02-09;KW06;Filiale_10;Route_C;3;0,0
2024-02-10;KW06;Filiale_01;Route_A;10;17,49
2024-02-10;KW06;Filiale_02;Route_A;11;14,93
2024-02-10;KW06;Filiale_03;Route_A;7;5,9
2024-02-10;KW06;Filiale_04;Route_B;22;70,88
2024-02-10;KW06;Filiale_05;Route_B;17;25,3
2024-02-10;KW06;Filiale_06;Route_B;43;189,66
2024-02-10;KW06;Filiale_07;Route_C;5;0,0
2024-02-10;KW06;Filiale_08;Route_C;12;21,19
2024-02-10;KW06;Filiale_09;Route_C;9;11,9
2024-02-10;KW06;Filiale_10;Route_C;1;0,0
2024-02-11;KW06;Filiale_01;Route_A;-4;0,0
2024-02-11;KW06;Filiale_02;Route_A;0;0,0
2024-02-11;KW06;Filiale_03;Route_A;8;7,65
2024-02-11;KW06;Filiale_04;Route_B;0;0,0
2024-02-11;KW06;Filiale_05;Route_B;28;75,95
2024-02-11;KW06;Filiale_06;Route_B;21;83,04
2024-02-11;KW06;Filiale_07;Route_C;9;7,69
2024-02-11;KW06;Filiale_08;Route_C;7;6,26
2024-02-11;KW06;Filiale_09;Route_C;10;12,93
2024-02-11;KW06;Filiale_10;Route_C;-2;0,0
2024-02-12;KW07;Filiale_01;Route_A;11;37,72
2024-02-12;KW07;Filiale_02;Route_A;8;9,71
2024-02-12;KW07;Filiale_03;Route_A;4;0,0
2024-02-12;KW07;Filiale_04;Route_B;26;154,82
2024-02-12;KW07;Filiale_05;Route_B;31;166,81
2024-02-12;KW07;Filiale_06;Route_B;31;178,77
2024-02-12;KW07;Filiale_07;Route_C;14;34,29
2024-02-12;KW07;Filiale_08;Route_C;21;79,24
2024-02-12;KW07;Filiale_09;Route_C;11;27,56
2024-02-12;KW07;Filiale_10;Route_C;17;65,02
2024-02-13;KW07;Filiale_01;Route_A;-1;0,0
2024-02-13;KW07;Filiale_02;Route_A;-3;0,0
2024-02-13;KW07;Filiale_03;Route_A;11;30,19
2024-02-13;KW07;Filiale_04;Route_B;29;154,93
2024-02-13;KW07;Filiale_05;Route_B;40;142,58
2024-02-13;KW07;Filiale_06;Route_B;32;129,79
2024-02-13;KW07;Filiale_07;Route_C;-1;0,0
2024-02-13;KW07;Filiale_08;Route_C;14;53,68
2024-02-13;KW07;Filiale_09;Route_C;6;4,44
2024-02-13;KW07;Filiale_10;Route_C;8;10,88
2024-02-14;KW07;Filiale_01;Route_A;8;16,63
2024-02-14;KW07;Filiale_02;Route_A;0;0,0
2024-02-14;KW07;Filiale_03;Route_A;-2;0,0
2024-02-14;KW07;Filiale_04;Route_B;33;231,01
2024-02-14;KW07;Filiale_05;Route_B;43;205,53
2024-02-14;KW07;Filiale_06;Route_B;29;190,54
2024-02-14;KW07;Filiale_07;Route_C;15;40,57
2024-02-14;KW07;Filiale_08;Route_C;8;11,67
2024-02-14;KW07;Filiale_09;Route_C;7;8,28
2024-02-14;KW07;Filiale_10;Route_C;9;15,39
2024-02-15;KW07;Filiale_01;Route_A;16;46,42
2024-02-15;KW07;Filiale_02;Route_A;1;0,0
2024-02-15;KW07;Filiale_03;Route_A;11;35,33
2024-02-15;KW07;Filiale_04;Route_B;14;54,93
2024-02-15;KW07;Filiale_05;Route_B;37;190,58
2024-02-15;KW07;Filiale_06;Route_B;40;225,76
2024-02-15;KW07;Filiale_07;Route_C;5;0,0
2024-02-15;KW07;Filiale_08;Route_C;16;43,29
2024-02-15;KW07;Filiale_09;Route_C;12;24,98
2024-02-15;KW07;Filiale_10;Route_C;21;71,52
2024-02-16;KW07;Filiale_01;Route_A;-2;0,0
2024-02-16;KW07;Filiale_02;Route_A;7;7,91
2024-02-16;KW07;Filiale_03;Route_A;1;0,0
2024-02-16;KW07;Filiale_04;Route_B;20;96,71
2024-02-16;KW07;Filiale_05;Route_B;15;53,42
2024-02-16;KW07;Filiale_06;Route_B;24;92,22
2024-02-16;KW07;Filiale_07;Route_C;5;0,0
2024-02-16;KW07;Filiale_08;Route_C;6;4,91
2024-02-16;KW07;Filiale_09;Route_C;11;25,52
2024-02-16;KW07;Filiale_10;Route_C;-1;0,0
2024-02-17;KW07;Filiale_01;Route_A;6;2,74
2024-02-17;KW07;Filiale_02;Route_A;2;0,0
2024-02-17;KW07;Filiale_03;Route_A;-4;0,0
2024-02-17;KW07;Filiale_04;Route_B;14;44,05
2024-02-17;KW07;Filiale_05;Route_B;38;136,77
2024-02-17;KW07;Filiale_06;Route_B;26;55,86
2024-02-17;KW07;Filiale_07;Route_C;8;8,74
2024-02-17;KW07;Filiale_08;Route_C;6;3,44
2024-02-17;KW07;Filiale_09;Route_C;14;17,84
2024-02-17;KW07;Filiale_10;Route_C;15;40,32
2024-02-18;KW07;Filiale_01;Route_A;-2;0,0
2024-02-18;KW07;Filiale_02;Route_A;-4;0,0
2024-02-18;KW07;Filiale_03;Route_A;4;0,0
2024-02-18;KW07;Filiale_04;Route_B;32;120,07
2024-02-18;KW07;Filiale_05;Route_B;38;80,11
2024-02-18;KW07;Filiale_06;Route_B;17;60,3
2024-02-18;KW07;Filiale_07;Route_C;2;0,0
2024-02-18;KW07;Filiale_08;Route_C;1;0,0
2024-02-18;KW07;Filiale_09;Route_C;2;0,0
2024-02-18;KW07;Filiale_10;Route_C;17;46,01
2024-02-19;KW08;Filiale_01;Route_A;11;22,43
2024-02-19;KW08;Filiale_02;Route_A;2;0,0
2024-02-19;KW08;Filiale_03;Route_A;0;0,0
2024-02-19;KW08;Filiale_04;Route_B;14;53,97
2024-02-19;KW08;Filiale_05;Route_B;33;110,19
2024-02-19;KW08;Filiale_06;Route_B;32;121,06
2024-02-19;KW08;Filiale_07;Route_C;19;41,94
2024-02-19;KW08;Filiale_08;Route_C;12;42,63
2024-02-19;KW08;Filiale_09;Route_C;3;0,0
2024-02-19;KW08;Filiale_10;Route_C;18;80,53
2024-02-20;KW08;Filiale_01;Route_A;2;0,0
2024-02-20;KW08;Filiale_02;Route_A;-6;0,0
2024-02-20;KW08;Filiale_03;Route_A;3;0,0
2024-02-20;KW08;Filiale_04;Route_B;38;239,43
2024-02-20;KW08;Filiale_05;Route_B;8;13,6
2024-02-20;KW08;Filiale_06;Route_B;29;121,78
2024-02-20;KW08;Filiale_07;Route_C;6;2,6
2024-02-20;KW08;Filiale_08;Route_C;1;0,0
2024-02-20;KW08;Filiale_09;Route_C;4;0,0
2024-02-20;KW08;Filiale_10;Route_C;3;0,0
2024-02-21;KW08;Filiale_01;Route_A;-4;0,0
2024-02-21;KW08;Filiale_02;Route_A;4;0,0
2024-02-21;KW08;Filiale_03;Route_A;-2;0,0
2024-02-21;KW08;Filiale_04;Route_B;45;214,99
2024-02-21;KW08;Filiale_05;Route_B;26;114,59
2024-02-21;KW08;Filiale_06;Route_B;22;94,93
2024-02-21;KW08;Filiale_07;Route_C;-5;0,0
2024-02-21;KW08;Filiale_08;Route_C;12;22,55
2024-02-21;KW08;Filiale_09;Route_C;7;8,87
2024-02-21;KW08;Filiale_10;Route_C;11;31,04
2024-02-22;KW08;Filiale_01;Route_A;-5;0,0
2024-02-22;KW08;Filiale_02;Route_A;-2;0,0
2024-02-22;KW08;Filiale_03;Route_A;-8;0,0
2024-02-22;KW08;Filiale_04;Route_B;20;86,79
2024-02-22;KW08;Filiale_05;Route_B;29;89,85
2024-02-22;KW08;Filiale_06;Route_B;23;125,9
2024-02-22;KW08;Filiale_07;Route_C;10;12,08
2024-02-22;KW08;Filiale_08;Route_C;7;6,41
2024-02-22;KW08;Filiale_09;Route_C;12;28,96
2024-02-22;KW08;Filiale_10;Route_C;-3;0,0
2024-02-23;KW08;Filiale_01;Route_A;-5;0,0
2024-02-23;KW08;Filiale_02;Route_A;10;26,14
2024-02-23;KW08;Filiale_03;Route_A;2;0,0
2024-02-23;KW08;Filiale_04;Route_B;14;51,43
2024-02-23;KW08;Filiale_05;Route_B;2;0,0
2024-02-23;KW08;Filiale_06;Route_B;17;76,28
2024-02-23;KW08;Filiale_07;Route_C;1;0,0
2024-02-23;KW08;Filiale_08;Route_C;0;0,0
2024-02-23;KW08;Filiale_09;Route_C;11;30,99
2024-02-23;KW08;Filiale_10;Route_C;19;51,31
2024-02-24;KW08;Filiale_01;Route_A;0;0,0
2024-02-24;KW08;Filiale_02;Route_A;11;17,2
2024-02-24;KW08;Filiale_03;Route_A;-6;0,0
2024-02-24;KW08;Filiale_04;Route_B;21;78,46
2024-02-24;KW08;Filiale_05;Route_B;28;89,06
2024-02-24;KW08;Filiale_06;Route_B;23;47,17
2024-02-24;KW08;Filiale_07;Route_C;5;0,0
2024-02-24;KW08;Filiale_08;Route_C;0;0,0
2024-02-24;KW08;Filiale_09;Route_C;-8;0,0
2024-02-24;KW08;Filiale_10;Route_C;10;19,97
2024-02-25;KW08;Filiale_01;Route_A;-4;0,0
2024-02-25;KW08;Filiale_02;Route_A;6;2,36
2024-02-25;KW08;Filiale_03;Route_A;-1;0,0
2024-02-25;KW08;Filiale_04;Route_B;27;75,07
2024-02-25;KW08;Filiale_05;Route_B;15;26,22
2024-02-25;KW08;Filiale_06;Route_B;22;40,01
2024-02-25;KW08;Filiale_07;Route_C;1;0,0
2024-02-25;KW08;Filiale_08;Route_C;9;11,79
2024-02-25;KW08;Filiale_09;Route_C;12;15,62
2024-02-25;KW08;Filiale_10;Route_C;-7;0,0
2024-02-26;KW09;Filiale_01;Route_A;0;0,0
2024-02-26;KW09;Filiale_02;Route_A;1;0,0
2024-02-26;KW09;Filiale_03;Route_A;16;43,12
2024-02-26;KW09;Filiale_04;Route_B;28;204,69
2024-02-26;KW09;Filiale_05;Route_B;46;154,19
2024-02-26;KW09;Filiale_06;Route_B;33;188,56
2024-02-26;KW09;Filiale_07;Route_C;14;28,87
2024-02-26;KW09;Filiale_08;Route_C;16;33,75
2024-02-26;KW09;Filiale_09;Route_C;25;55,62
2024-02-26;KW09;Filiale_10;Route_C;3;0,0
2024-02-27;KW09;Filiale_01;Route_A;8;15,29
2024-02-27;KW09;Filiale_02;Route_A;8;14,68
2024-02-27;KW09;Filiale_03;Route_A;-1;0,0
2024-02-27;KW09;Filiale_04;Route_B;41;203,16
2024-02-27;KW09;Filiale_05;Route_B;13;43,18
2024-02-27;KW09;Filiale_06;Route_B;34;214,7
2024-02-27;KW09;Filiale_07;Route_C;14;19,81
2024-02-27;KW09;Filiale_08;Route_C;20;64,83
2024-02-27;KW09;Filiale_09;Route_C;8;16,29
2024-02-27;KW09;Filiale_10;Route_C;9;22,67
2024-02-28;KW09;Filiale_01;Route_A;-8;0,0
2024-02-28;KW09;Filiale_02;Route_A;-4;0,0
2024-02-28;KW09;Filiale_03;Route_A;2;0,0
2024-02-28;KW09;Filiale_04;Route_B;41;231,36
2024-02-28;KW09;Filiale_05;Route_B;25;105,96
2024-02-28;KW09;Filiale_06;Route_B;28;149,76
2024-02-28;KW09;Filiale_07;Route_C;10;22,13
2024-02-28;KW09;Filiale_08;Route_C;-7;0,0
2024-02-28;KW09;Filiale_09;Route_C;12;24,85
2024-02-28;KW09;Filiale_10;Route_C;15;66,34
2024-02-29;KW09;Filiale_01;Route_A;-2;0,0
2024-02-29;KW09;Filiale_02;Route_A;2;0,0
2024-02-29;KW09;Filiale_03;Route_A;6;4,14
2024-02-29;KW09;Filiale_04;Route_B;28;140,99
2024-02-29;KW09;Filiale_05;Route_B;24;123,47
2024-02-29;KW09;Filiale_06;Route_B;40;126,07
2024-02-29;KW09;Filiale_07;Route_C;15;45,96
2024-02-29;KW09;Filiale_08;Route_C;16;56,13
2024-02-29;KW09;Filiale_09;Route_C;9;21,76
2024-02-29;KW09;Filiale_10;Route_C;0;0,0
2024-03-01;KW09;Filiale_01;Route_A;8;22,65
2024-03-01;KW09;Filiale_02;Route_A;-8;0,0
2024-03-01;KW09;Filiale_03;Route_A;-1;0,0
2024-03-01;KW09;Filiale_04;Route_B;16;64,65
2024-03-01;KW09;Filiale_05;Route_B;31;120,06
2024-03-01;KW09;Filiale_06;Route_B;21;100,3
2024-03-01;KW09;Filiale_07;Route_C;8;12,97
2024-03-01;KW09;Filiale_08;Route_C;2;0,0
2024-03-01;KW09;Filiale_09;Route_C;5;0,0
2024-03-01;KW09;Filiale_10;Route_C;20;50,86
2024-03-02;KW09;Filiale_01;Route_A;13;18,59
2024-03-02;KW09;Filiale_02;Route_A;-8;0,0
2024-03-02;KW09;Filiale_03;Route_A;0;0,0
2024-03-02;KW09;Filiale_04;Route_B;41;130,68
2024-03-02;KW09;Filiale_05;Route_B;23;58,06
2024-03-02;KW09;Filiale_06;Route_B;31;65,14
2024-03-02;KW09;Filiale_07;Route_C;14;17,32
2024-03-02;KW09;Filiale_08;Route_C;-3;0,0
2024-03-02;KW09;Filiale_09;Route_C;-3;0,0
2024-03-02;KW09;Filiale_10;Route_C;3;0,0
2024-03-03;KW09;Filiale_01;Route_A;3;0,0
2024-03-03;KW09;Filiale_02;Route_A;7;4,51
2024-03-03;KW09;Filiale_03;Route_A;9;11,23
2024-03-03;KW09;Filiale_04;Route_B;26;86,67
2024-03-03;KW09;Filiale_05;Route_B;23;51,04
2024-03-03;KW09;Filiale_06;Route_B;23;60,75
2024-03-03;KW09;Filiale_07;Route_C;-5;0,0
2024-03-03;KW09;Filiale_08;Route_C;1;0,0
2024-03-03;KW09;Filiale_09;Route_C;3;0,0
2024-03-03;KW09;Filiale_10;Route_C;6;3,02
2024-03-04;KW10;Filiale_01;Route_A;8;22,97
2024-03-04;KW10;Filiale_02;Route_A;2;0,0
2024-03-04;KW10;Filiale_03;Route_A;11;31,91
2024-03-04;KW10;Filiale_04;Route_B;46;270,29
2024-03-04;KW10;Filiale_05;Route_B;32;120,97
2024-03-04;KW10;Filiale_06;Route_B;35;172,02
2024-03-04;KW10;Filiale_07;Route_C;15;37,07
2024-03-04;KW10;Filiale_08;Route_C;32;152,02
2024-03-04;KW10;Filiale_09;Route_C;13;36,93
2024-03-04;KW10;Filiale_10;Route_C;18;62,94
2024-03-05;KW10;Filiale_01;Route_A;9;16,17
2024-03-05;KW10;Filiale_02;Route_A;12;27,53
2024-03-05;KW10;Filiale_03;Route_A;11;23,49
2024-03-05;KW10;Filiale_04;Route_B;39;180,3
2024-03-05;KW10;Filiale_05;Route_B;23;78,21
2024-03-05;KW10;Filiale_06;Route_B;52;261,97
2024-03-05;KW10;Filiale_07;Route_C;4;0,0
2024-03-05;KW10;Filiale_08;Route_C;0;0,0
2024-03-05;KW10;Filiale_09;Route_C;0;0,0
2024-03-05;KW10;Filiale_10;Route_C;0;0,0
2024-03-06;KW10;Filiale_01;Route_A;1;0,0
2024-03-06;KW10;Filiale_02;Route_A;5;0,0
2024-03-06;KW10;Filiale_03;Route_A;3;0,0
2024-03-06;KW10;Filiale_04;Route_B;27;113,72
2024-03-06;KW10;Filiale_05;Route_B;17;53,17
2024-03-06;KW10;Filiale_06;Route_B;28;120,61
2024-03-06;KW10;Filiale_07;Route_C;3;0,0
2024-03-06;KW10;Filiale_08;Route_C;3;0,0
2024-03-06;KW10;Filiale_09;Route_C;1;0,0
2024-03-06;KW10;Filiale_10;Route_C;-2;0,0
2024-03-07;KW10;Filiale_01;Route_A;-2;0,0
2024-03-07;KW10;Filiale_02;Route_A;-4;0,0
2024-03-07;KW10;Filiale_03;Route_A;7;7,79
2024-03-07;KW10;Filiale_04;Route_B;24;117,85
2024-03-07;KW10;Filiale_05;Route_B;39;201,99
2024-03-07;KW10;Filiale_06;Route_B;28;169,44
2024-03-07;KW10;Filiale_07;Route_C;6;3,92
2024-03-07;KW10;Filiale_08;Route_C;6;4,88
2024-03-07;KW10;Filiale_09;Route_C;9;13,99
2024-03-07;KW10;Filiale_10;Route_C;6;6,36
2024-03-08;KW10;Filiale_01;Route_A;-8;0,0
2024-03-08;KW10;Filiale_02;Route_A;6;5,36
2024-03-08;KW10;Filiale_03;Route_A;9;14,11
2024-03-08;KW10;Filiale_04;Route_B;45;233,18
2024-03-08;KW10;Filiale_05;Route_B;46;227,14
2024-03-08;KW10;Filiale_06;Route_B;40;197,35
2024-03-08;KW10;Filiale_07;Route_C;3;0,0
2024-03-08;KW10;Filiale_08;Route_C;2;0,0
2024-03-08;KW10;Filiale_09;Route_C;18;55,59
2024-03-08;KW10;Filiale_10;Route_C;10;20,44
2024-03-09;KW10;Filiale_01;Route_A;6;4,2
2024-03-09;KW10;Filiale_02;Route_A;5;0,0
2024-03-09;KW10;Filiale_03;Route_A;0;0,0
2024-03-09;KW10;Filiale_04;Route_B;21;50,83
2024-03-09;KW10;Filiale_05;Route_B;28;69,68
2024-03-09;KW10;Filiale_06;Route_B;22;59,72
2024-03-09;KW10;Filiale_07;Route_C;9;7,35
2024-03-09;KW10;Filiale_08;Route_C;-3;0,0
2024-03-09;KW10;Filiale_09;Route_C;14;21,16
2024-03-09;KW10;Filiale_10;Route_C;2;0,0
2024-03-10;KW10;Filiale_01;Route_A;-1;0,0
2024-03-10;KW10;Filiale_02;Route_A;14;19,11
2024-03-10;KW10;Filiale_03;Route_A;10;16,73
2024-03-10;KW10;Filiale_04;Route_B;17;57,04
2024-03-10;KW10;Filiale_05;Route_B;19;36,99
2024-03-10;KW10;Filiale_06;Route_B;12;19,49
2024-03-10;KW10;Filiale_07;Route_C;13;24,5
2024-03-10;KW10;Filiale_08;Route_C;14;30,79
2024-03-10;KW10;Filiale_09;Route_C;6;2,13
2024-03-10;KW10;Filiale_10;Route_C;13;20,59
2024-03-11;KW11;Filiale_01;Route_A;-1;0,0
2024-03-11;KW11;Filiale_02;Route_A;1;0,0
2024-03-11;KW11;Filiale_03;Route_A;-3;0,0
2024-03-11;KW11;Filiale_04;Route_B;6;5,28
2024-03-11;KW11;Filiale_05;Route_B;3;0,0
2024-03-11;KW11;Filiale_06;Route_B;6;6,16
2024-03-11;KW11;Filiale_07;Route_C;14;30,95
2024-03-11;KW11;Filiale_08;Route_C;17;69,1
2024-03-11;KW11;Filiale_09;Route_C;21;62,94
2024-03-11;KW11;Filiale_10;Route_C;22;62,21
2024-03-12;KW11;Filiale_01;Route_A;4;0,0
2024-03-12;KW11;Filiale_02;Route_A;5;0,0
2024-03-12;KW11;Filiale_03;Route_A;15;35,3
2024-03-12;KW11;Filiale_04;Route_B;3;0,0
2024-03-12;KW11;Filiale_05;Route_B;9;14,0
2024-03-12;KW11;Filiale_06;Route_B;1;0,0
2024-03-12;KW11;Filiale_07;Route_C;2;0,0
2024-03-12;KW11;Filiale_08;Route_C;20;83,98
2024-03-12;KW11;Filiale_09;Route_C;8;10,0
2024-03-12;KW11;Filiale_10;Route_C;22;99,51
2024-03-13;KW11;Filiale_01;Route_A;3;0,0
2024-03-13;KW11;Filiale_02;Route_A;7;7,43
2024-03-13;KW11;Filiale_03;Route_A;4;0,0
2024-03-13;KW11;Filiale_04;Route_B;6;6,2
2024-03-13;KW11;Filiale_05;Route_B;17;57,25
2024-03-13;KW11;Filiale_06;Route_B;7;13,65
2024-03-13;KW11;Filiale_07;Route_C;-7;0,0
2024-03-13;KW11;Filiale_08;Route_C;-1;0,0
2024-03-13;KW11;Filiale_09;Route_C;1;0,0
2024-03-13;KW11;Filiale_10;Route_C;18;59,51
2024-03-14;KW11;Filiale_01;Route_A;2;0,0
2024-03-14;KW11;Filiale_02;Route_A;-6;0,0
2024-03-14;KW11;Filiale_03;Route_A;-8;0,0
2024-03-14;KW11;Filiale_04;Route_B;8;14,87
2024-03-14;KW11;Filiale_05;Route_B;9;18,59
2024-03-14;KW11;Filiale_06;Route_B;3;0,0
2024-03-14;KW11;Filiale_07;Route_C;10;18,4
2024-03-14;KW11;Filiale_08;Route_C;2;0,0
2024-03-14;KW11;Filiale_09;Route_C;14;39,85
2024-03-14;KW11;Filiale_10;Route_C;5;0,0
2024-03-15;KW11;Filiale_01;Route_A;5;0,0
2024-03-15;KW11;Filiale_02;Route_A;1;0,0
2024-03-15;KW11;Filiale_03;Route_A;1;0,0
2024-03-15;KW11;Filiale_04;Route_B;11;34,63
2024-03-15;KW11;Filiale_05;Route_B;3;0,0
2024-03-15;KW11;Filiale_06;Route_B;10;29,69
2024-03-15;KW11;Filiale_07;Route_C;17;38,14
2024-03-15;KW11;Filiale_08;Route_C;0;0,0
2024-03-15;KW11;Filiale_09;Route_C;10;15,41
2024-03-15;KW11;Filiale_10;Route_C;11;32,82
2024-03-16;KW11;Filiale_01;Route_A;2;0,0
2024-03-16;KW11;Filiale_02;Route_A;-7;0,0
2024-03-16;KW11;Filiale_03;Route_A;-8;0,0
2024-03-16;KW11;Filiale_04;Route_B;-5;0,0
2024-03-16;KW11;Filiale_05;Route_B;-2;0,0
2024-03-16;KW11;Filiale_06;Route_B;1;0,0
2024-03-16;KW11;Filiale_07;Route_C;3;0,0
2024-03-16;KW11;Filiale_08;Route_C;3;0,0
2024-03-16;KW11;Filiale_09;Route_C;7;4,32
2024-03-16;KW11;Filiale_10;Route_C;18;41,89
2024-03-17;KW11;Filiale_01;Route_A;16;27,47
2024-03-17;KW11;Filiale_02;Route_A;4;0,0
2024-03-17;KW11;Filiale_03;Route_A;0;0,0
2024-03-17;KW11;Filiale_04;Route_B;14;31,83
2024-03-17;KW11;Filiale_05;Route_B;4;0,0
2024-03-17;KW11;Filiale_06;Route_B;8;11,47
2024-03-17;KW11;Filiale_07;Route_C;-3;0,0
2024-03-17;KW11;Filiale_08;Route_C;-2;0,0
2024-03-17;KW11;Filiale_09;Route_C;1;0,0
2024-03-17;KW11;Filiale_10;Route_C;14;26,26
2024-03-18;KW12;Filiale_01;Route_A;-2;0,0
2024-03-18;KW12;Filiale_02;Route_A;2;0,0
2024-03-18;KW12;Filiale_03;Route_A;10;16,28
2024-03-18;KW12;Filiale_04;Route_B;17;61,22
2024-03-18;KW12;Filiale_05;Route_B;11;33,98
2024-03-18;KW12;Filiale_06;Route_B;3;0,0
2024-03-18;KW12;Filiale_07;Route_C;5;0,0
2024-03-18;KW12;Filiale_08;Route_C;3;0,0
2024-03-18;KW12;Filiale_09;Route_C;15;37,97
2024-03-18;KW12;Filiale_10;Route_C;12;37,93
2024-03-19;KW12;Filiale_01;Route_A;1;0,0
2024-03-19;KW12;Filiale_02;Route_A;6;2,71
2024-03-19;KW12;Filiale_03;Route_A;4;0,0
2024-03-19;KW12;Filiale_04;Route_B;11;35,34
2024-03-19;KW12;Filiale_05;Route_B;7;10,2
2024-03-19;KW12;Filiale_06;Route_B;11;34,41
2024-03-19;KW12;Filiale_07;Route_C;15;37,9
2024-03-19;KW12;Filiale_08;Route_C;-1;0,0
2024-03-19;KW12;Filiale_09;Route_C;14;37,83
2024-03-19;KW12;Filiale_10;Route_C;8;20,35
2024-03-20;KW12;Filiale_01;Route_A;0;0,0
2024-03-20;KW12;Filiale_02;Route_A;-8;0,0
2024-03-20;KW12;Filiale_03;Route_A;1;0,0
2024-03-20;KW12;Filiale_04;Route_B;4;0,0
2024-03-20;KW12;Filiale_05;Route_B;1;0,0
2024-03-20;KW12;Filiale_06;Route_B;-1;0,0
2024-03-20;KW12;Filiale_07;Route_C;9;12,86
2024-03-20;KW12;Filiale_08;Route_C;3;0,0
2024-03-20;KW12;Filiale_09;Route_C;17;58,23
2024-03-20;KW12;Filiale_10;Route_C;5;0,0
2024-03-21;KW12;Filiale_01;Route_A;5;0,0
2024-03-21;KW12;Filiale_02;Route_A;1;0,0
2024-03-21;KW12;Filiale_03;Route_A;-6;0,0
2024-03-21;KW12;Filiale_04;Route_B;4;0,0
2024-03-21;KW12;Filiale_05;Route_B;6;3,84
2024-03-21;KW12;Filiale_06;Route_B;7;10,21
2024-03-21;KW12;Filiale_07;Route_C;11;24,81
2024-03-21;KW12;Filiale_08;Route_C;13;40,83
2024-03-21;KW12;Filiale_09;Route_C;15;29,32
2024-03-21;KW12;Filiale_10;Route_C;13;53,27
2024-03-22;KW12;Filiale_01;Route_A;-8;0,0
2024-03-22;KW12;Filiale_02;Route_A;0;0,0
2024-03-22;KW12;Filiale_03;Route_A;-5;0,0
2024-03-22;KW12;Filiale_04;Route_B;2;0,0
2024-03-22;KW12;Filiale_05;Route_B;3;0,0
2024-03-22;KW12;Filiale_06;Route_B;8;14,82
2024-03-22;KW12;Filiale_07;Route_C;5;0,0
2024-03-22;KW12;Filiale_08;Route_C;15;52,43
2024-03-22;KW12;Filiale_09;Route_C;-2;0,0
2024-03-22;KW12;Filiale_10;Route_C;14;40,4
2024-03-23;KW12;Filiale_01;Route_A;-4;0,0
2024-03-23;KW12;Filiale_02;Route_A;6;2,24
2024-03-23;KW12;Filiale_03;Route_A;-8;0,0
2024-03-23;KW12;Filiale_04;Route_B;1;0,0
2024-03-23;KW12;Filiale_05;Route_B;2;0,0
2024-03-23;KW12;Filiale_06;Route_B;2;0,0
2024-03-23;KW12;Filiale_07;Route_C;0;0,0
2024-03-23;KW12;Filiale_08;Route_C;25;63,94
2024-03-23;KW12;Filiale_09;Route_C;18;39,63
2024-03-23;KW12;Filiale_10;Route_C;10;14,63
2024-03-24;KW12;Filiale_01;Route_A;11;22,74
2024-03-24;KW12;Filiale_02;Route_A;7;6,49
2024-03-24;KW12;Filiale_03;Route_A;5;0,0
2024-03-24;KW12;Filiale_04;Route_B;16;47,05
2024-03-24;KW12;Filiale_05;Route_B;9;13,6
2024-03-24;KW12;Filiale_06;Route_B;2;0,0
2024-03-24;KW12;Filiale_07;Route_C;-2;0,0
2024-03-24;KW12;Filiale_08;Route_C;3;0,0
2024-03-24;KW12;Filiale_09;Route_C;17;27,76
2024-03-24;KW12;Filiale_10;Route_C;-2;0,0
2024-03-25;KW13;Filiale_01;Route_A;8;19,32
2024-03-25;KW13;Filiale_02;Route_A;13;28,79
2024-03-25;KW13;Filiale_03;Route_A;2;0,0
2024-03-25;KW13;Filiale_04;Route_B;16;73,95
2024-03-25;KW13;Filiale_05;Route_B;11;30,31
2024-03-25;KW13;Filiale_06;Route_B;10;28,35
2024-03-25;KW13;Filiale_07;Route_C;7;7,99
2024-03-25;KW13;Filiale_08;Route_C;17;74,24
2024-03-25;KW13;Filiale_09;Route_C;24;75,24
2024-03-25;KW13;Filiale_10;Route_C;20;71,05
2024-03-26;KW13;Filiale_01;Route_A;9;19,62
2024-03-26;KW13;Filiale_02;Route_A;11;19,53
2024-03-26;KW13;Filiale_03;Route_A;6;5,04
2024-03-26;KW13;Filiale_04;Route_B;8;26,29
2024-03-26;KW13;Filiale_05;Route_B;-3;0,0
2024-03-26;KW13;Filiale_06;Route_B;11;29,55
2024-03-26;KW13;Filiale_07;Route_C;12;27,3
2024-03-26;KW13;Filiale_08;Route_C;13;35,62
2024-03-26;KW13;Filiale_09;Route_C;10;23,45
2024-03-26;KW13;Filiale_10;Route_C;9;22,43
2024-03-27;KW13;Filiale_01;Route_A;3;0,0
2024-03-27;KW13;Filiale_02;Route_A;7;11,75
2024-03-27;KW13;Filiale_03;Route_A;-1;0,0
2024-03-27;KW13;Filiale_04;Route_B;10;34,67
2024-03-27;KW13;Filiale_05;Route_B;0;0,0
2024-03-27;KW13;Filiale_06;Route_B;7;12,85
2024-03-27;KW13;Filiale_07;Route_C;-2;0,0
2024-03-27;KW13;Filiale_08;Route_C;19;66,32
2024-03-27;KW13;Filiale_09;Route_C;9;19,04
2024-03-27;KW13;Filiale_10;Route_C;3;0,0
2024-03-28;KW13;Filiale_01;Route_A;1;0,0
2024-03-28;KW13;Filiale_02;Route_A;8;13,01
2024-03-28;KW13;Filiale_03;Route_A;0;0,0
2024-03-28;KW13;Filiale_04;Route_B;9;22,49
2024-03-28;KW13;Filiale_05;Route_B;10;34,69
2024-03-28;KW13;Filiale_06;Route_B;9;22,79
2024-03-28;KW13;Filiale_07;Route_C;19;36,08
2024-03-28;KW13;Filiale_08;Route_C;14;35,85
2024-03-28;KW13;Filiale_09;Route_C;2;0,0
2024-03-28;KW13;Filiale_10;Route_C;8;12,0
2024-03-29;KW13;Filiale_01;Route_A;3;0,0
2024-03-29;KW13;Filiale_02;Route_A;5;0,0
2024-03-29;KW13;Filiale_03;Route_A;3;0,0
2024-03-29;KW13;Filiale_04;Route_B;7;17,87
2024-03-29;KW13;Filiale_05;Route_B;0;0,0
2024-03-29;KW13;Filiale_06;Route_B;5;0,0
2024-03-29;KW13;Filiale_07;Route_C;11;26,01
2024-03-29;KW13;Filiale_08;Route_C;7;9,97
2024-03-29;KW13;Filiale_09;Route_C;16;38,83
2024-03-29;KW13;Filiale_10;Route_C;9;16,56
2024-03-30;KW13;Filiale_01;Route_A;2;0,0
2024-03-30;KW13;Filiale_02;Route_A;-3;0,0
2024-03-30;KW13;Filiale_03;Route_A;3;0,0
2024-03-30;KW13;Filiale_04;Route_B;9;14,26
2024-03-30;KW13;Filiale_05;Route_B;8;7,67
2024-03-30;KW13;Filiale_06;Route_B;1;0,0
2024-03-30;KW13;Filiale_07;Route_C;9;8,27
2024-03-30;KW13;Filiale_08;Route_C;6;3,14
2024-03-30;KW13;Filiale_09;Route_C;10;16,28
2024-03-30;KW13;Filiale_10;Route_C;-4;0,0
2024-03-31;KW13;Filiale_01;Route_A;-3;0,0
2024-03-31;KW13;Filiale_02;Route_A;6;2,8
2024-03-31;KW13;Filiale_03;Route_A;7;4,84
2024-03-31;KW13;Filiale_04;Route_B;0;0,0
2024-03-31;KW13;Filiale_05;Route_B;8;8,42
2024-03-31;KW13;Filiale_06;Route_B;-2;0,0
2024-03-31;KW13;Filiale_07;Route_C;6;1,81
2024-03-31;KW13;Filiale_08;Route_C;-6;0,0
2024-03-31;KW13;Filiale_09;Route_C;16;31,66
2024-03-31;KW13;Filiale_10;Route_C;8;9,82
2024-04-01;KW14;Filiale_01;Route_A;8;18,02
2024-04-01;KW14;Filiale_02;Route_A;3;0,0
2024-04-01;KW14;Filiale_03;Route_A;5;0,0
2024-04-01;KW14;Filiale_04;Route_B;6;6,03
2024-04-01;KW14;Filiale_05;Route_B;8;17,33
2024-04-01;KW14;Filiale_06;Route_B;1;0,0
2024-04-01;KW14;Filiale_07;Route_C;21;68,32
2024-04-01;KW14;Filiale_08;Route_C;21;48,43
2024-04-01;KW14;Filiale_09;Route_C;10;16,24
2024-04-01;KW14;Filiale_10;Route_C;0;0,0
2024-04-02;KW14;Filiale_01;Route_A;-1;0,0
2024-04-02;KW14;Filiale_02;Route_A;-7;0,0
2024-04-02;KW14;Filiale_03;Route_A;-2;0,0
2024-04-02;KW14;Filiale_04;Route_B;7;10,15
2024-04-02;KW14;Filiale_05;Route_B;6;5,89
2024-04-02;KW14;Filiale_06;Route_B;12;39,44
2024-04-02;KW14;Filiale_07;Route_C;19;42,89
2024-04-02;KW14;Filiale_08;Route_C;1;0,0
2024-04-02;KW14;Filiale_09;Route_C;6;4,05
2024-04-02;KW14;Filiale_10;Route_C;15;52,5
2024-04-03;KW14;Filiale_01;Route_A;-8;0,0
2024-04-03;KW14;Filiale_02;Route_A;7;6,47
2024-04-03;KW14;Filiale_03;Route_A;11;29,37
2024-04-03;KW14;Filiale_04;Route_B;7;8,82
2024-04-03;KW14;Filiale_05;Route_B;3;0,0
2024-04-03;KW14;Filiale_06;Route_B;10;40,62
2024-04-03;KW14;Filiale_07;Route_C;6;3,34
2024-04-03;KW14;Filiale_08;Route_C;0;0,0
2024-04-03;KW14;Filiale_09;Route_C;4;0,0
2024-04-03;KW14;Filiale_10;Route_C;12;36,37
2024-04-04;KW14;Filiale_01;Route_A;-5;0,0
2024-04-04;KW14;Filiale_02;Route_A;7;5,93
2024-04-04;KW14;Filiale_03;Route_A;2;0,0
2024-04-04;KW14;Filiale_04;Route_B;4;0,0
2024-04-04;KW14;Filiale_05;Route_B;12;31,49
2024-04-04;KW14;Filiale_06;Route_B;5;0,0
2024-04-04;KW14;Filiale_07;Route_C;13;29,67
2024-04-04;KW14;Filiale_08;Route_C;14;51,06
2024-04-04;KW14;Filiale_09;Route_C;0;0,0
2024-04-04;KW14;Filiale_10;Route_C;14;42,96
2024-04-05;KW14;Filiale_01;Route_A;1;0,0
2024-04-05;KW14;Filiale_02;Route_A;-6;0,0
2024-04-05;KW14;Filiale_03;Route_A;-8;0,0
2024-04-05;KW14;Filiale_04;Route_B;1;0,0
2024-04-05;KW14;Filiale_05;Route_B;9;13,61
2024-04-05;KW14;Filiale_06;Route_B;3;0,0
2024-04-05;KW14;Filiale_07;Route_C;15;41,17
2024-04-05;KW14;Filiale_08;Route_C;-3;0,0
2024-04-05;KW14;Filiale_09;Route_C;5;0,0
2024-04-05;KW14;Filiale_10;Route_C;-1;0,0
2024-04-06;KW14;Filiale_01;Route_A;-7;0,0
2024-04-06;KW14;Filiale_02;Route_A;-5;0,0
2024-04-06;KW14;Filiale_03;Route_A;-3;0,0
2024-04-06;KW14;Filiale_04;Route_B;1;0,0
2024-04-06;KW14;Filiale_05;Route_B;0;0,0
2024-04-06;KW14;Filiale_06;Route_B;-3;0,0
2024-04-06;KW14;Filiale_07;Route_C;6;1,89
2024-04-06;KW14;Filiale_08;Route_C;11;16,99
2024-04-06;KW14;Filiale_09;Route_C;-8;0,0
2024-04-06;KW14;Filiale_10;Route_C;0;0,0
2024-04-07;KW14;Filiale_01;Route_A;-1;0,0
2024-04-07;KW14;Filiale_02;Route_A;7;5,8
2024-04-07;KW14;Filiale_03;Route_A;-4;0,0
2024-04-07;KW14;Filiale_04;Route_B;13;24,75
2024-04-07;KW14;Filiale_05;Route_B;5;0,0
2024-04-07;KW14;Filiale_06;Route_B;3;0,0
2024-04-07;KW14;Filiale_07;Route_C;5;0,0
2024-04-07;KW14;Filiale_08;Route_C;8;6,33
2024-04-07;KW14;Filiale_09;Route_C;6;2,23
2024-04-07;KW14;Filiale_10;Route_C;23;72,51
2024-04-08;KW15;Filiale_01;Route_A;9;23,14
2024-04-08;KW15;Filiale_02;Route_A;19;61,88
2024-04-08;KW15;Filiale_03;Route_A;7;7,21
2024-04-08;KW15;Filiale_04;Route_B;13;56,37
2024-04-08;KW15;Filiale_05;Route_B;14;57,23
2024-04-08;KW15;Filiale_06;Route_B;2;0,0
2024-04-08;KW15;Filiale_07;Route_C;19;32,38
2024-04-08;KW15;Filiale_08;Route_C;7;6,5
2024-04-08;KW15;Filiale_09;Route_C;15;41,63
2024-04-08;KW15;Filiale_10;Route_C;8;13,75
2024-04-09;KW15;Filiale_01;Route_A;0;0,0
2024-04-09;KW15;Filiale_02;Route_A;-6;0,0
2024-04-09;KW15;Filiale_03;Route_A;20;62,55
2024-04-09;KW15;Filiale_04;Route_B;4;0,0
2024-04-09;KW15;Filiale_05;Route_B;7;10,75
2024-04-09;KW15;Filiale_06;Route_B;7;9,97
2024-04-09;KW15;Filiale_07;Route_C;5;0,0
2024-04-09;KW15;Filiale_08;Route_C;16;32,17
2024-04-09;KW15;Filiale_09;Route_C;17;65,34
2024-04-09;KW15;Filiale_10;Route_C;-3;0,0
2024-04-10;KW15;Filiale_01;Route_A;5;0,0
2024-04-10;KW15;Filiale_02;Route_A;2;0,0
2024-04-10;KW15;Filiale_03;Route_A;4;0,0
2024-04-10;KW15;Filiale_04;Route_B;9;20,48
2024-04-10;KW15;Filiale_05;Route_B;10;23,26
2024-04-10;KW15;Filiale_06;Route_B;6;6,14
2024-04-10;KW15;Filiale_07;Route_C;3;0,0
2024-04-10;KW15;Filiale_08;Route_C;-1;0,0
2024-04-10;KW15;Filiale_09;Route_C;10;20,74
2024-04-10;KW15;Filiale_10;Route_C;-5;0,0
2024-04-11;KW15;Filiale_01;Route_A;3;0,0
2024-04-11;KW15;Filiale_02;Route_A;-1;0,0
2024-04-11;KW15;Filiale_03;Route_A;12;32,09
2024-04-11;KW15;Filiale_04;Route_B;8;15,05
2024-04-11;KW15;Filiale_05;Route_B;1;0,0
2024-04-11;KW15;Filiale_06;Route_B;0;0,0
2024-04-11;KW15;Filiale_07;Route_C;7;5,93
2024-04-11;KW15;Filiale_08;Route_C;7;10,23
2024-04-11;KW15;Filiale_09;Route_C;13;32,14
2024-04-11;KW15;Filiale_10;Route_C;2;0,0
2024-04-12;KW15;Filiale_01;Route_A;0;0,0
2024-04-12;KW15;Filiale_02;Route_A;-2;0,0
2024-04-12;KW15;Filiale_03;Route_A;4;0,0
2024-04-12;KW15;Filiale_04;Route_B;10;25,4
2024-04-12;KW15;Filiale_05;Route_B;2;0,0
2024-04-12;KW15;Filiale_06;Route_B;11;30,37
2024-04-12;KW15;Filiale_07;Route_C;20;52,25
2024-04-12;KW15;Filiale_08;Route_C;9;15,48
2024-04-12;KW15;Filiale_09;Route_C;9;17,17
2024-04-12;KW15;Filiale_10;Route_C;5;0,0
2024-04-13;KW15;Filiale_01;Route_A;-8;0,0
2024-04-13;KW15;Filiale_02;Route_A;9;12,7
2024-04-13;KW15;Filiale_03;Route_A;-2;0,0
2024-04-13;KW15;Filiale_04;Route_B;-4;0,0
2024-04-13;KW15;Filiale_05;Route_B;12;22,59
2024-04-13;KW15;Filiale_06;Route_B;2;0,0
2024-04-13;KW15;Filiale_07;Route_C;14;13,26
2024-04-13;KW15;Filiale_08;Route_C;4;0,0
2024-04-13;KW15;Filiale_09;Route_C;21;39,27
2024-04-13;KW15;Filiale_10;Route_C;11;17,9
2024-04-14;KW15;Filiale_01;Route_A;3;0,0
2024-04-14;KW15;Filiale_02;Route_A;-5;0,0
2024-04-14;KW15;Filiale_03;Route_A;7;6,04
2024-04-14;KW15;Filiale_04;Route_B;0;0,0
2024-04-14;KW15;Filiale_05;Route_B;2;0,0
2024-04-14;KW15;Filiale_06;Route_B;5;0,0
2024-04-14;KW15;Filiale_07;Route_C;4;0,0
2024-04-14;KW15;Filiale_08;Route_C;14;22,96
2024-04-14;KW15;Filiale_09;Route_C;2;0,0
2024-04-14;KW15;Filiale_10;Route_C;-3;0,0
2024-04-15;KW16;Filiale_01;Route_A;0;0,0
2024-04-15;KW16;Filiale_02;Route_A;5;0,0
2024-04-15;KW16;Filiale_03;Route_A;7;8,93
2024-04-15;KW16;Filiale_04;Route_B;15;40,91
2024-04-15;KW16;Filiale_05;Route_B;11;38,63
2024-04-15;KW16;Filiale_06;Route_B;7;15,8
2024-04-15;KW16;Filiale_07;Route_C;9;18,21
2024-04-15;KW16;Filiale_08;Route_C;10;26,34
2024-04-15;KW16;Filiale_09;Route_C;2;0,0
2024-04-15;KW16;Filiale_10;Route_C;10;30,22
2024-04-16;KW16;Filiale_01;Route_A;3;0,0
2024-04-16;KW16;Filiale_02;Route_A;15;42,97
2024-04-16;KW16;Filiale_03;Route_A;15;58,0
2024-04-16;KW16;Filiale_04;Route_B;8;19,62
2024-04-16;KW16;Filiale_05;Route_B;-1;0,0
2024-04-16;KW16;Filiale_06;Route_B;-2;0,0
2024-04-16;KW16;Filiale_07;Route_C;1;0,0
2024-04-16;KW16;Filiale_08;Route_C;23;88,57
2024-04-16;KW16;Filiale_09;Route_C;7;8,24
2024-04-16;KW16;Filiale_10;Route_C;18;49,39
2024-04-17;KW16;Filiale_01;Route_A;11;30,22
2024-04-17;KW16;Filiale_02;Route_A;10;16,21
2024-04-17;KW16;Filiale_03;Route_A;19;54,2
2024-04-17;KW16;Filiale_04;Route_B;8;19,29
2024-04-17;KW16;Filiale_05;Route_B;-5;0,0
2024-04-17;KW16;Filiale_06;Route_B;0;0,0
2024-04-17;KW16;Filiale_07;Route_C;18;43,28
2024-04-17;KW16;Filiale_08;Route_C;6;4,25
2024-04-17;KW16;Filiale_09;Route_C;18;71,03
2024-04-17;KW16;Filiale_10;Route_C;7;6,49
2024-04-18;KW16;Filiale_01;Route_A;-4;0,0
2024-04-18;KW16;Filiale_02;Route_A;5;0,0
2024-04-18;KW16;Filiale_03;Route_A;3;0,0
2024-04-18;KW16;Filiale_04;Route_B;-1;0,0
2024-04-18;KW16;Filiale_05;Route_B;8;10,14
2024-04-18;KW16;Filiale_06;Route_B;13;35,08
2024-04-18;KW16;Filiale_07;Route_C;-5;0,0
2024-04-18;KW16;Filiale_08;Route_C;3;0,0
2024-04-18;KW16;Filiale_09;Route_C;15;26,4
2024-04-18;KW16;Filiale_10;Route_C;-3;0,0
2024-04-19;KW16;Filiale_01;Route_A;5;0,0
2024-04-19;KW16;Filiale_02;Route_A;-4;0,0
2024-04-19;KW16;Filiale_03;Route_A;-5;0,0
2024-04-19;KW16;Filiale_04;Route_B;-4;0,0
2024-04-19;KW16;Filiale_05;Route_B;8;11,63
2024-04-19;KW16;Filiale_06;Route_B;11;26,62
2024-04-19;KW16;Filiale_07;Route_C;1;0,0
2024-04-19;KW16;Filiale_08;Route_C;7;11,06
2024-04-19;KW16;Filiale_09;Route_C;14;29,48
2024-04-19;KW16;Filiale_10;Route_C;8;16,28
2024-04-20;KW16;Filiale_01;Route_A;-6;0,0
2024-04-20;KW16;Filiale_02;Route_A;1;0,0
2024-04-20;KW16;Filiale_03;Route_A;-2;0,0
2024-04-20;KW16;Filiale_04;Route_B;16;39,68
2024-04-20;KW16;Filiale_05;Route_B;4;0,0
2024-04-20;KW16;Filiale_06;Route_B;5;0,0
2024-04-20;KW16;Filiale_07;Route_C;5;0,0
2024-04-20;KW16;Filiale_08;Route_C;6;3,34
2024-04-20;KW16;Filiale_09;Route_C;14;22,63
2024-04-20;KW16;Filiale_10;Route_C;8;10,63
2024-04-21;KW16;Filiale_01;Route_A;-2;0,0
2024-04-21;KW16;Filiale_02;Route_A;3;0,0
2024-04-21;KW16;Filiale_03;Route_A;-6;0,0
2024-04-21;KW16;Filiale_04;Route_B;10;20,32
2024-04-21;KW16;Filiale_05;Route_B;6;2,21
2024-04-21;KW16;Filiale_06;Route_B;7;4,82
2024-04-21;KW16;Filiale_07;Route_C;8;7,11
2024-04-21;KW16;Filiale_08;Route_C;12;14,86
2024-04-21;KW16;Filiale_09;Route_C;3;0,0
2024-04-21;KW16;Filiale_10;Route_C;1;0,0
